sample number,z_score,p_value
0,1.5177749297091991,0.12907114722198765
1,0.14737447692792296,0.8828364499959043
2,1.275939555688973,0.2019768868214138
3,2.0014456777496483,0.045344382335855915
4,0.5504334336282978,0.5820221222192932
5,1.6789985123893478,0.0931523336825677
6,-0.17507268843237475,1.1389774817160256
7,1.7596103037294224,0.07847390330110127
8,2.807563591150398,0.004991782316040139
9,2.082057469089723,0.037337220740821575
